"candidate_id","Availability/Notice period","Availability to interview","Technical experience","Industries/Sectors worked in","Certificates","Timezone working in","Open to remote/onsite","Location","Fee","Notes","Immigration status","Language","End Client","Limited company"
"63833","60 Days","Next week 2-pm IST","8+ in IT | 3+ in GCP","E-commerce, Retail, Healthcare, Telecom, Insurance","No","IST","Remote","India","27 Lakhs now...expecting 40 Lakhs","Price too high. Looking only permanent. Not open to Contracting.","","","",""
"63834","60 Days (Negotiable)","Immediate","8+ in IT | 3+ in GCP","","NO","IST","Remote","India","Getting 23 Euros per hour. 31 Lakhs now...Expecting 40 Lakhs","He is on a notice and looks strong enough for a lead role.","","","","No"
"63855","2 months","Immediate","10 years in SF | 3 years SFMC Architect","Finance sector","10x certified","","","India","40 EUR","3 project leading as a SFMC Architect","","","","No"
"63849","4th May LWD","Immediate","7 years experience","Multiple sectors","","","Remote only","India","17 Lakh per annum","Will not consider contract for SFCC QA lead for Publicis only Perm. Cannot send.","","","","NF"
"63852","60 days LWD is 10th June","Immediate","15 in IT | 10 years Tester | 4 SF Testing | 1 year SFCC QA","Retail","","","Hybrid","India","24 LAKHS","No marketing cloud / no telecom","","","","Rastech"
"63836","60 Days","Immediate","3 yrs in IT | 1+ in GCP","Telcom, Finance","GCP, AWS, Azure","IST","Remote","India","10 Euros","Though not enough exp he has 4 Cloud Certifications. He is also looking for on-site oppurtunities.","","","","No"
"63853","2 months (started one week)","","11 years | SF Testing 7 SFCC QA","Retail","No","","Remote","India","15 EUR per hour","Supported Pandora UK / Open to contract","","","","No"
"63495","1 week","Immediate","13 years in IT | 9 in QA | 5 in SFCC QA | 3 SFCC QA Lead","Banking + Insurance","No","","Remote","India","17.00 EUR per hour","Has an offer on the table. Open to contract and using our payroll partner. Ideally looking for 6 months contract minimum. Sent to Publicis for SFCC QA Lead role.","","","","Eshia"
"64009","90 days","","12 years IT, testing background, 9years scrum and agile","retail","none","10am - 10pm","remote","India","currently getting 18 lakhs / wants 22 euros per hour","","","","","umbrella"
"63835","60 Days","Immediate","15+ yrs in IT | 5+ yrs in GCP","Financial, E-commerce","No","IST","Remote","India","31 Lkhs now---Expecting 40 Lakhs per Annum","He is a GCP Technical Architect but don't have enough connections in Linkedin to justify the same(Probably has a secondary account for recruiters.)","","","","No"
"63844","2 weeks","5.00pm","7.5 years IT | 5.5 years Devops | 2 years GCP","Finance","Redhat | AWS | Kubernetes","","Remote","India","120 EUR per day","Good Devops experience and has supported multiple industries","","","","Newforce submission"
"62955","1st July (will be available)","Immediate","24 years in IT | 8 years experience in SF","Telecommunication, Energy Industry, Automotive, Banking and Transportation","1x Certified","","Remote","Spain","700 EUR per day","Only open to remote and will consider Persistent Systems as a contractor only. Speaks German. Waiting on resume to be submitted.","","","","Yes"
"64007","Immediate (finishing part-time projects) | 4 hours | 4 weeks notice","3pm BST","","","No","","","UK Citezen","645 EUR (550 GBP)","SAP x2 verions / Commerce cloud","","","","Yes"
"64010","15th June","","5+ in IT | 5+ in Devops | 3+ GCP","Healthcare, BFSI, Retail","No","IST","Remote","India","15 LPA..30 LPA","Not interested in Contract","","","",""
"64057","60 Days","","6+ in IT | 5+ in Devops | 4+ in GCP","Banking,Retail","2 (GCP, AWS)","3-12 am","Remote","India","26LPA..35LPA","","","","",""
"63857","7Th June (Serving Notice)","After 4 pm Mon-Fri","8.5 yrs in IT 3.5 in GCP","","GCP","IST","Remote","India","34 LPA Offer in Hand (23 Right now)","Not proficient with Python, Pyspark, Spark","","","","No"
"64011","90 Days","","12+ in IT | 4+ in Devops | 2+ in GCP","Retail, Banking, Telecom","4","CET","Remote","India","24 LPA now..35 LPA","","","","",""
"64014","90 days, last day 22nd july","","8+ years in sfcc, 2 years scrum master","e commerce","","11am ist - 9pm ist","remote","India","currently getting 13 Lahks - submitted17euro per hour","","","","","umbrella"
"63798","25th May","","11.5 Exp in IT | 4 Yrs in GCP","Fiance","GCP Architect","","Remote","India","24.47 Now.. 35 Lakhs Expecting","Hasoffer looiking elsewhere","","","","Availability to interview:"
"63856","30 Days","","15+ in It 4+ in GCP(Data Engineer)","Finance, Banking","GCP and AWS","IST","Remote","India","55 Lakhs right now (Open to Contracting)","Not fluent in Pyspark, Also expectation too high for the role.","","","","No"
"63854","15 Days","","9+ in IT | 6+ in SFCC | 1+ in Automation","E-Commerce","ISTQB","IST","Remote","India","17 EUR","Submitted by Rastech.Not very good in Automation.","","","",""
"63868","90 Days","2-5pm IST","6 yrs in IT | 2+ in SFCC","e-commerce, Trading","OTJP,","CET","Remote","India","6.5 LPA 10 Euros","No Automation","","","","No"
"64021","immediate","","7 years, 4years azure","","","9-5 cet","yes","Zaandam / netherlands","560per day","30mins by train, payroll sorted","","","",""
"64059","1 Week","","6+ in IT | 6+ in SFCC | 1+ in Automation","E-Commerce, Retail","ISTQB","11-8","Remote","India","15 Euros","Submitteb by Rastech","","","",""
"64072","20th Sep","","7+ in IT | 4+ in Devops | 4+ in GCP","Banking, Finance","GCP Cloud Architect","IST","Remote","India","23 LPA...34LPA...38 LPA","","","","",""
"64136","Immediately","","4+ in IT | 4+ in Security","Banking, Healthcare","7 (AWS)","IST","Remote","India","40 LPA...50 LPA","","","","",""
"63801","","","","","","","","","","","","","",""
"63864","2 weeks","Immediate","12 years IT | 6 years Salesforce","Automotive, Healthcare and Telecom","1x Certified","","Remote","Berlin, Germany","100,000 EUR per annum","Carried out multiple rollouts, interested in the following titles SF PM, Product Manager, Team Lead of Head of Projects.","","","","N/A"
"63355","2 weeks","Immediate","7 years experience | 5x Certified","Finance &amp; Automotive","5x Certified","","Remote","West London, Uxbridge","600 (inside IR35)","On tier 2 dependant visa expires 2024","","","","Has her own"
"63870","90 Days","Mon- Thu 2-5 pm IST","12+ in IT | 5+ in SFCC | 2+ in Automation","E-commerce, Retail","No","CET","Remote","India","11 Euros","He is good to go.","","","","No"
"64022","1st july","","20 years, 6years azure","","","9-5 cet","yes","amsterdam","880 euros per day","","","","",""
"64073","90 Days","","4+ in IT | 4+ in Devops | 3+ in GCP","Banking, Medicare","Terraform","IST","Remote","India","8 LPA..15LPA...18 LPA","","","","",""
"63804","3 Months","9am to 12pm IST","3+ Devops","Aviation and Financial","","EST (US)","","Bangalore","8- 10 Euros","","","","",""
"63807","5th June","Anytime after 6pm IST","8 Years | 5 Yrs in Data Engineering","Media, Insurance &amp; Financial, Health","AWS Solution Architect Associate","IST","Remote","India","15 Euros","","","","",""
"63830","2 weeks","9- 12 (GMT+3)","10+ in IT | 5+ in React","HR, E-commerce, Telcom, Financial","React, Blockchain, Game Development, Java","GMT+3","Remote","Turkey","220 Euros Per Day","HE is Looking for a good team with emerging technologies.","","","","Yes(Dubai)"
"63840","60 Days","Immediate","7+ in IT | 2+ in GCP","Transport, Finance, Insurance","AWS","IST","Remote","India","17 Euros per hour","She has experience in GCP but she says she is more proficient in AWS and Azure","","","","No"
"63860","90 Days (Probably Negotiable)","","5 Yrs in IT , Under a year in GCP Devops","Banking, Madicare, Media","4 Certifications in GCP","IST","Remote","India","18 Lakhs Right Now...Looking only permanent But may agree to Contacting at 20 Euros.","Very Skilled ..can consider for architect","","","","No"
"63873","60Days","3-5 pm","7.5 in IT | 7.5 in SFCC","E-Commerce","ISTQB","IST","Remote","India","11 Euros","","","","","No"
"63818","60 Days","Next Week","12+ Yrs in IT| 7+ in SF QA","Healthcare, Financial, Insurance","SF Administration, Sales Cloud, Velocity Consultant","IST","Remote","India","12 Euros per Hour","She seems Confident enough","","","","No"
"63831","75 Days- Already serving Notice-( But Available to start with in a week after the Interview)","Apart from 2-4pm IST","6 yrs in IT| 4+ in SFCC BE","E- commerce","SFCC","IST","Remote","India","","Little low on the communication(English)","","","",""
"63839","60 Days","Immediately","7 in IT | 3+ in GCP","Financial, Automotive, Aviation","NO","Europe","Remote","India","40 lakhs per Annum","","","","","No"
"63861","90 (Negotiable to 60)","Immediate","Devops 5+ yrs in IT and GCP 2+","Transport, E-commerce","Azure","European","Remote","India","13 LPa now---20 LPA expected","","","","","No"
"63140","Immediate","Immediate","17 years in IT | 11.5 years as SF Developer","Multiple end clients (directly)","11x Certified","","Remote","UK","650 outside | 900 inside IR35","Considering him for SF Tech Lead or Developer role for Wipro UK","","","","Yes"
"63801","2 Months but negotiable","After 2 weeks as he is taking some medical treatment.","2 yrs | 1+ in GCP","Retail","AWS , GCP , Terraform","IST","Remote","India","8 Euros per hour","","","","","No"
"63819","60 Months","Next Week","13+ in It | 4+ in Automation","Insurance, Retail, Finance, Travel","","IST","Remote","India","10-12 Euros Per Hour","Ok for 3 months rolling contract.","","","","No"
"63824","30 Days (Negotiable)","Next week After 5pm","6+ in IT &amp; SFCC QA","E-commerce","Frame work Automation","IST","Remote","India","8-10 Euros per Hour","She is ok for Contracting and has been a SFCC QA from the starting of her Career.","","","",""
"63871","10 Days","11am to 1pm IST","11.5+ in IT | 3+ in SFCC | 1.5 yrs in Automation","E-Commerce, Finance","CP Mat","IST","Remote","India","11 Euros","","","","","No"
"64071","Immediate","","16+ in IT| 8+ in Architect","Healthcare , Retail","","","","Wakefield","800 Euros","Submitted at 900 EUR","","","",""
"64074","4 weeks (3 weeks negotiable)","","17 years IT | 10 years Architect / Azure | 2 years Integration design","Finance, Real Estate and Retail","","","Remote","India","&pound;190 on now / &pound;250 / 290 EUR ..Submitted for 390 EUR","Independant consultant for UK Real estate","","","","No"
"63820","15 days. 20 th April","Immediate","7.5 in IT | 7 in Salesforce","E-commerce, Healthcare, Finance, Insurance, Retail","Salesforce Administrator","IST","Remote","India","12 Euros per Hour","Looking for permanent","","","","No"
"63825","Immediately","Immediate","10+ In IT | 4.5+ in IT| 2+ in Demandware","E-Commerce, Insurance","No","GMT","Remote","India","15 Euros","Worked Earlier with Publicis Demanware in 2014","","","","No"
"63872","90 Days","","","","","","","","32 Lakhs right now.","Not interested in Contract. Wanted on-site Oppurtunities.","","","","No"
"63895","Immediate","Immediate","17+ in IT | 7+ in OMS","Retail, E- commerce","2","Arab Time Zone","Remote","Kuwait","","","","","","No"
"63826","60 Days","Immediate","8 yrs in IT | 5+ in Automation","Health Care, Banking, Digital Marketing, Trade","No","IST","Remote","India","15 Euros per hour","He is not interested in Contracts. Wants permanent or Visa sponsership. Not comfortable working european timings.","","","","No"
"63883","90 Days","Immediate","9+ in IT | 5+ in SFCC |","E-commerce","No","CET","Remote","India","16 LPA Now and expecting 24 LPA","No Automation Experience","","","","No"
"64085","60 Days","After 4pm","7+ in IT | 6.5 in Devops | 3+ in GCP","Finance, Healthcare, Banking","No","IST","Remote","India","22LPA...35LPA","","","","",""
"64137","60 Days","","12+ in IT | 12+ in Security | 6+ in cloud","Banking, Retail","CISSP,AZ-500,AZ-900,ISO/IEC","IST","Remote","India","36 LPA...60 LPA","","","","",""
"63805","2-3 Months","Friday 6pm IST","3","Retail, Transport","GCP Associate","IST","Remote","India","9-10","","","","","No"
"63659","30 Days","Immediate","6+ in IT | 4+ SFCC","Finance","SFCC","EST ( US)","Remote","Pakistan","28 Euros per hour","He is cliaming to get 5000 USD per Month which is way over the budget","","","","No"
"63874","Immediate","11- 5 BST","7+ in IT | 3+ in React Native","Aviation, Travel, Insurance","Scrum Master","GMT","Remote","Colchester, Essex","650&pound; Inside IR","","","","","Yes"
"63887","Immediately","11am to 2 pm IST until Friday","17+ in IT | OMS 10+ | 7+ in Architecture","Retail, E- Commerce, Finance","Sap MM, Mulesoft","CET","Remote","India","23 Euros","He should also be a perfect fit","","","","No"
"63909","90 Days","","8+ in IT | 1+ in GCP","Healthcare, Telecom, Retail","No","IST","Remote","India","17.75 LPA -expecting 24 LPA","Have little exposure in GCP and more expore in AWS.","","","","NO"
"63927","Immediate","","10 years in IT | 5 years in Development | 2 years in Headless (React)","","Adobe Certified","CET","Remote (open to go onsite)","Georgia (from Belarus)","185","No limited company","","","","NoAvailability to interview: Anytime"
"63935","30 Days","3pm-6pm BST","17+ in IT | 15+ in OMS","Retail, E-Commerce","No","BST","Remote","London","700-750","Submitted at &pound;900 inside IR35","Citizen","","","No"
"63875","Serving Notice (June)","Immediate","9+ in IT | 3+ in SFCC","","SFC Admin, ISTQB","IST","Remote","India","","Moving to London in June/ Looking for London Based positions.","","","","No"
"63877","10 th June","Immediate","15 Yrs in IT | 4+ in SFCC","E-Commerce, Finance","No","IST","Remote","India","Current 14 LPa ....Already has 21 LPA","He is not interested in Contracts","","","","No"
"63904","30 Days (Negotiable)","11am - 4pm Pakistan time","5.5 yrs in IT| 2.5 in SFCC","E-Commerce, BFSI","NO","Canada","Remote","Pakistan","17 EUR","He can start immediately if Remote.","","","","No"
"63936","June 30th","","6+ in IT | SF 3+ | 6+ in Automation","E-commerce, Banking, Insurance","No","IST","Remote","India","15 Lap--offer with 24 LPA--expecting 27LPA","No Commerce Cloud exp | Not interested in Contracts| Looking for perm only","","","",""
"63950","60 Months","","15+ in IT | 3+ in SFCC | 1+ Automation","E-commerce, Retail, Media","CPMAT","CET","Remote","India","12LPA--Expecting 18 LPA","Not interested in Contract, Looking for Manager positions or atleast a Lead.","","","","No"
"63974","immediate","","20 years it, 12 pardot, 12sfm","B2B, healthcare, trade","salesfoirce pardot specialst","ET","remote","North Carolina","75 eruos per hour","","","","","umbrella"
"63803","","","7 | 4+ yrs as Data Engineer","Adtech, Financial","","IST","Remote","India","25 Euros per hour","","","","",""
"63884","30 Days (In Probation)","10am - 5pm (Immediate)","7+ in IT | 4+ in SFCC | 1.5 in Automation (Unofficial Lead with 2-3 Candidates)","E-commerce, Insurance","No","CET","Remote","India","16.5 LPA now...12 Euros","Great guy..hopefully nails it","","","","No"
"63888","Immediately","11am - 5pm CET","15+ yrs in IT | 8+ in OMS","Retail, Oil &amp; Gas","No","CET","Remote","Sweden","400 EUR per day","No SAP experience but similar Oracle Experience.","","","","No (Umbrella)"
"62905","Immediate","Anytime","20 years","many","3x","","remote","","Limited company: Nasa","nice guy","","","",""
"63931","90 Days (Negotiable)","","11.5 in IT | 4+ in SF","Healthcare,Oil &amp; Gas","Tosca","IST","","India","11 LPA----expecting 18LPA","No Commerce Cloud, No Automation","","","",""
"63964","immediate","","6.5 marketing automation, 9 years sfc","real estate, medical, pharmecutical","sfmc, pardot","9cst","remote","India","25ph","wants to work 7;30am - 3;30cst","","","","yes"
"64016","End of May","","10 YEARS IN sf | TSA | CTA 45 IN the world passed | two FSL projects in US (2013 started)","Machine","18/19th","","","UK","160 US per hour | 900 - 950 outside","May have an counter offer | just had baby in December   Only","","","","Yes(Cloud sharpAvailability to interview:"
"63809","","No","5 in IT | 5 in GCP","E-commerce, Banking, Retail","No","IST","Remote","India","15 Euros per hour","","","","","No"
"63821","35 days. 10th May","Friday 1pm-4pm, Next Week","7.5 in IT| 3.5 in Automation","Financial","ISTQB, TOSCA","IST","Remote","India","11 Lakhs per Annum","Not interested in Contract positions","","","","No"
"63828","90 Days","Immediate","6+ in IT aswell as SFCC","E-Commerce","SFCC B2C","IST","","India","25 Euros","Price too high","","","","No"
"63263","Immediately","Immediate","8+ in IT | 8+ in SFMC","Retail, Transport, Networking","SFMC (4)","IST","","Bangalore","22.5 LPA right now...Expecting 32 LPA","Not open to re-locate","","","","No"
"63889","Available immediately","","5 years experience in IT | 1 year in SF","","1x certified","","Remote","Munich","50,000 - 55,000 EUR per annum","Husband settled in Germany (blue card). On dependant visa can work.","","","","N/A"
"63922","Immediate","11am to 5pm from Thursday","9+ in IT | 4+ in SF","Healthcare | Sales Service","4+","BST","Remote","Portsmouth","500 &pound; Inside IR35, 550 EUR Outside","She recently moved to the Uk.","Dependent Visa until late next Year","","","No"
"63940","30 days","","2 years b2c, 5 years in salesforce","healthcare + ecommerce","none","barcelona","","barcelona on sponsership","","perm position only","","","",""
"63951","2 weeks","12 - 2pm CET (except Friday)","7 years | 5 years in SFCC | 3 years FS","Retail","B2C Certified","","Remote","Spain","350 EUR","OSF 3 Projects | Team Lead 2 weeks time in US (2 weeks)","","","","Yes"
"63785","3 Months","Immediate","8+ in IT | 6+ in SFCC","E-Commerce","B2C","IST","Remote","India","25 Euros","","","","","No"
"63636","90 Days (Negotiable)","Immediately","7.6 in IT | SFCC 1 Yr","CRM, E-commerce, Healthcare","NO","IST","Remote","India","14 Lakhs now 22 Lakhs per Annum Paying 12 Euros per Hour","","","","","No"
"63879","","","10+ in IT | 3+ in React","","","","","","","Not Comfortable for a lead position.","","","",""
"63885","60 days (N","3-4 pm, after 7:30","20+ in IT | 6+ OMS","Retail, Oil &amp; Gas, E-Commerce, Finance","5 (Oracle, Salesforce)","CET","Remote","Pakistan","23 Euros","Apart from SAP MM, He is pretty much covered with the JD","","","","Yes"
"63890","Available immediately","Immediate","22 years experience in IT | 12 years in SF","Multiple","3x Certified","","Remote / Onsite","Spain","65 - 70 EUR per hour","October of last year finished last project. Spanish and English.","","","","No"
"63924","2 Weeks","","9+ in IT | 6+ in SFCC | 3+ in Automation","E-commerce","ISTQB","CET","Remote","Pakistan","30 $","Quoting too high...Not feasible.","","","","No"
"63586","1 month","N/A","10 years | 7 SF | 4 years SA","Manufactoring | Healthcare","x7 Certified","BST","Remote","UK","450 outside | 600 inside","Wants to see job specs","","","","Yes"
"63961","immediate","","5 years experience for everthing (sfm, pardot)","healthcare, lifestyle","salefcorce marketing","9:30pm -5:30 central time","remote position","india","30 euro per hour","","","","","umbrella"
"63811","90 Days","Next Week","16+ in IT | 5+ Devops | 12+ Teradata","Media, Financial","AWS","IST","Remote","India","12-13 Euros Per Hour","Not interested in Contracting.","","","","No"
"63886","4 weeks","Will have to Check","40+ in IT | 6+ in OMS","Retail, Finance, Oil &amp;gas","No","BST","Remote","North- East London","650 Outside","He is a Shark","","","","Yes"
"63891","2 weeks","Next week","12 years experience in IT | 4 year in SF","Pharma and Manufactoring and Oil &amp; Gas","1x Certified","","Remote","Sao Paulo","14,000 BRL","Interviewed with SumUp last year but no feedback.","","","","N/A"
"63897","2 weeks","Not sure as he is on Vacation currently.","20+ in IT | 15+ in UX | 2+ in Salesforce","Telecom, BFSI, Technology","SMC, CSPO, CSBA","BST","Remote","Bristol","650 Inside","","","","","Yes"
"63933","60 Days","","8+ in IT | 4+ in SF | 4+ Automation","Insurance,E-commerce, Payments","ISTQB","CET","Remote","India","11 Lpa now..expecting 20 LPA","No Commerce Cloud exp","","","","No"
"63975","Immediate","Immediate","6 years SFCC BE (SFRA)","Retail","B2C Certified","","Remote","India","18 EUR","Good to share with Publicis","","","",""
"63705","1 week","Immediate","10 years | 4 years","Retail","SFCC Certified","CET is ok","Remote","India","22 EUR per hour","Had three interviews last year with team in Denmark.Hired local candidate in the end","","","","Rastech"
"63782","2 Weeks","Immediately","5.5 in IT | 3.5 in SFCC Back End","Retail, E-commerce, Finance","(2) SF Developer","EST(US)","Remote","Pakistan","4000 USD","","","","","Yes"
"63880","2 - 3 months","Immediate","12 years in IT | 6 years (Sales, Service and Marketing Cloud)","Automotive / Manufactoring/ Logistics / Aviation","5X Certified","","Yes","Berlin (B2 German | B1 French | English)","90k annum","Growth slowing down looking for more technical/functional roles","","","","N/A"
"63892","9th May","","11+ in IT | 4+ in SFCC |","E-commerce, Retail, BFSI","ISTQB","Multiple time Zones","Remote","Pakistan","20- 25 Euro","No Automation Experience","","","","Yes"
"63920","Immediate","","2 years","Retail","No","","RemoteLocation: IndiaFee: 18 EUR per hour","","","Not strong enough","","","","RastechAvailability to interview:"
"63977","available end of september","","7-8 years e-commerce sfcc, 10 years IT","retail","B2C","CET","remote","Bulgaria","640 per day","call end of august to see if he is extending his current contract","","","","Yes"
"63919","Immediate","","1.5 years","Retail","No","","RemoteLocation: IndiaFee: 18 EUR per hour","","","Not strong enough","","","","RastechAvailability to interview:"
"63955","30 Days","","7+ in IT | 6+ in SF |","Automobile,Telecom, Retail, Utility","App Builder, Dell Bhoomi","EET","Remote","Latvia","600-650 EUR","He is working as a Lead","","","","Yes"
"63980","10th June","3-8 pm IST","10+ in IT | 7+ in Devops | 3+ GCP","Edtech, Insurance, Retail","No","11-8 IST","Remote","India","28 LPA- 30%","Open to Contract, Lead up to 8 people","","","","No"
"63984","60 days, 18th july","","2.9 years, 2.3 gcp python","google partners","Google Cloud Certified Professional Data EngineerGoogle Cloud Certified Associate Cloud EngineerGoogle Cloud Certified in Workspace (Formerly G Suite)Infosys Certified Python Associate","9-5 cet is fine","remote","India","12 - 14 lakhs","programing python 8/10SQL 9/10","","","",""
"64015","30 days | 15 days Negotiable","Immediate","9 years in eCommerce | 2 years with SFCC | 1 year as Scrum Master","","B2C &amp; Scrum","","Remote","Dubai (employer tied) | Freelancer visa | Spouse Dependant","20 EUR per hour | UAE Account","Open to perm or contract","","","",""
"64023","3 months","","14 years, sfcc 7 years, 3 years","","b2c, architect","happy to work 9-5cet","remote","Dubai","on &euro;500 per day wants &euro;600 per day","wants visa and medicdal insurance for family","","","",""
"64078","July 15th","","3+ in IT | 3+ in Devops | 2.5+ in GCP","Telecom, Banking","No","CET","Remote","India","5LPA...10-12 LPA","","","","",""
"63879","2 Weeks","Immediate","10 in IT | 5+ in React","E-commerce","No","BST","Remote","London","&pound; 700 Inside IR35","","","","",""
"63918","Immediate","","2 years","Retail","No","","RemoteLocation: IndiaFee: 18 EUR per hour","","","Not strong enough","","","","RastechAvailability to interview:"
"63554","2 Weeks","12pm-6pm IST","8+ in IT | OMS Sterling 7+ | No automation","Retail, Logistics","No","IST","Remote","India","15 LPA","He just started a project and is in KT. Has the bandwidth to do the job.","","","","No"
"63948","30 Days","Flexible","21+ in IT | 6+ in SFCC | 10+ in Automation","E-commerce, Healthcare, Banking, Finance","No","CET","Remote","India","14 LPA ...20LPA 13 EUR","Need time to think","","","","No"
"63968","90 Days","","4+ in It | 4+ in SF | 3.5+ in FSL","Energy,Healthcare","8","11-9","Remote","India","13 LPA..Quoted 15 EUR","Looking for Permanent, Has Lead experience, Involved in RFP's so has little Architectural experience.","","","","No"
"63979","June 20th","Flexible.","15+ in IT| 10+ in Devops| 4+ in GCP","E-commerce, Banking, Automobile, Airline","10+ (Mostly in AWS)","IST","Remote","India","30 EUR (Getting 45 LPA)","","","","","No (Friend's company)"
"63985","60 Days","6pm-11pm","14+ in IT | 6+ in Java | 8+ in Devops | 2+ in GCP","Retail, Telecom, BFSI","No","IST","Remote","India","40 LPA now..Expecting 60 LPA","Managed more than 4 End-End projects on GCP","","","","No"
"64019","available 1st july","","18 years IT, 4 years aks and azure","banking / maufacturing","","9-5 CET","on site / hybrid","20 km from amsterdam","840 euro per day","work from india 21st july - 30th august","","","","yes"
"63881","90 days (Negotiable)","Immediate","15+ in IT | 1.5 + in Salesforce","Telcom, Healthcare","Lots","BST","Remote","Bangalore","21 LPA right now ...Has an offer for 39 LPA...expecting 45 LPA","Not open to re-locating offshore(India) but open to re-locate to Europe or UK.","","","","No"
"63949","Rakesh Das 60 Days","4pm - 6pm IST","7 in IT | 3+ in SFCC | 4 Yrs","E-commerce, Health care","No","IST","Remote","India","13 EUR","He is not working in SFCC for the past year","","","Pharma based product...selling in Europe ..Evalueserve","No"
"62855","Immediate","Immediate","16 years IT | 9 years in SF | 2 years in FSL","Multiple","x3 certified","BST","Remote","UK","&pound;500 outside IR35","Shared to TCS for FSL role at 650","","","","Sponsored"
"63981","90 Days","10-1 IST","18+ in IT | 7+ in Devops | 2+ GCP","Healthcare, Finance, Retail, automobiles","AWS","CET","Remote","India","36 ..30 % ..45 LPA","","","","","No"
"63986","21 June","1-5 pm","6+ in IT | 5+ in Devops | 3+ in GCP","BFSI, Auto","GCP, Terraform","IST","Remote","India","Currently 20 LPA..Has an offer for 28 LPA..Expecting 32 LPA(20 EUR)","","","","","No"
"64079","20th Sep","","3+ in IT | 3+ in Devops | 2.6+ in GCP","Insurance, E-Commerce","No","CET","Remote","India","8.5 LPA...18LPA","","","","",""
"63832","60 Days (Negotiable to 30 Days)","Thursday (2-5pm IST),","5 yrs in IT | 1 yr in GCP","Financial, Insurance, Telecom","Databricks","IST","Remote","India","14 Euros (25 Lkhs per Annum)","Hands on in GCP (Very strong in other aspects)","","","","No"
"63926","Immediate","","15 years | 13 years | 10 years SF TA","Automobile Toyota | Education Worldspeak English | Recruitment Japan/Hays | Media | Construction | Finance","No","BST / CET","Remote / Hybrid / EU","London, UK","&pound;850 (inside) | 700 (outside minimum) - 825 outside in the last position","Will share to Wipro","","","","YesAvailability to interview:Available"
"63943","immediate","","9 years qa, 5 salesforce qa,","us government, healthcare, finance, ecommerce (5 years) body care","none","ist","remote","banglore","","looking for permanent only","","","",""
"63982","90 Days","","9+ in IT | 7+ in Devops | 1+ GCP","","5 (AWS, Kubernities, Docker)","","Remote","India","","","","","","No"
"63987","2nd July","","11+ in IT| 11+ in Devops | 4+ in GCP","BFSI, Retail, Technology","GCP, AWS, Kuburnities","CET","Remote","India","45 LPA now..50LPA..Expecting 55LPA","Has Java Background","","","",""
"63991","60 Days","","3+ in IT | 3+ in Devops | 2.5 in GCP","E-commerce, Banking","10","IST","Remote","India","18 LPA...Expecting 30 LPA (15 EUR)","","","","","NO"
"63780","immediate","","4.2 years sfcc, 4.8years IT","e commerce websites","","9-5","remote","India","18 Euro per hour","","","","",""
"64038","60 Days","","10+ in IT | 5+ in Devops | 2+ in GCP","Automobile, Energy, Media","No","CET","Remote","India","12 LPA...23 LPA","He is ok to be Tech Talent Perm employee","","","",""
"64080","15 Days","","4+ in IT | 4+ in Devops | 4+ in GCP","E-commerce","No","IST","Remote","India","5.5 LPA..12 LPA","","","","",""
"63822","1 week","","SFRA / BE","Retail / Education","SFCC Developer","CET","Remote","India","","Sharing for SFCC BE role Misha","","","","Rastech"
"63925","30 Days 10th June","11am - 3pm IST","8.5 in IT | 3.5 in SFCC | 1+ in Automation","Healthcare, E-Commerce, Travel","ISTQB","IST","Remote","India","20 LPA now...expecting 30 LPA Ok with 16 EUR","She has good knowledge in Scripting aswell so good with automation.","","","","No"
"63983","25th june","","7.5 years, 4years hands on using java + gcp","pharmecutical, consulting, cloud, telecom","Google Cloud Platform Qualified Solution DeveloperGoogle Qualified System Operations ProfessionalGoogle Cloud Platform Fully Qualified Developer","9-5 cet","remote","India","29 lakhs per annum","pernament","","","","umbrella"
"63988","3 months","","17 years | 8 years SF | FSL Certified (workshop)","Aviation | Logistics","15x Certified","","Remote","India","18 EUR per hour","US Time zone is fine for him (8pm ist you can start)","","","","Payroll"
"63992","90 days","","6 years, 3 years gcp, python 4 years","production","","currently 10am-7pm ist. Happy to work 9-5cet","remote","india","15Euro per hour","buyout offer to end notice period","","","","umbrella"
"64001","","","5+ in It | 5+ in Devops | 5+ in GCP","E-commerce, Healthcare","1 (GCP)","IST","Remote","India","17 EUR","","","","","No"
"63920","immediate","","4 years IT, 3.5 years sfcc","e commerce","","9-5 cet is ok","remote","India","17 per hour","","","","",""
"64030","Immediate","Immediate","6 years in IT - Manual | 3 years | 1 year","Retail","No","","Remote","India","16 EUR |","Not much much experience in Automation","","","","Rastech"
"63813","Available Immediately","Immediate","10+ IT | 6+ in Automation","Telecom, Real Estate, Retail","No","IST","Yes","India","10 Euros per hour","","","","","No"
"63640","1 week","Immediate","SFRA / BE","Retail","SFCC Developer","CET","Remote","India","16 EUR per hour","Sharing for SFCC BE role Misha","","","","Rastech"
"63929","15 th June","","8.5 in IT | 5+ in SF | 1+ in SFCC | 4 yrs in Automation","Insurance, Manufacturing, Telecom, Finance","SF -2, ISTQB","IST","Remote","India","16 LPA at the Moment...Have an offer for 23 LPA..Considering 28LPA","Not open to contract","","","","No"
"63957","BORN / 2 month","","8 years in eCommerce (Sap/SFCC) | 1 and years","","SAP","10.00 - 6.30pm","Remote","","18 EUR","Team lead at present (15 people) | Looking on-site UK","","","","Payroll partner"
"63969","1st week of August, Serving notice","Flexible","12+ in IT| 10+ in SF| 2+ in FSL | 6+in Field Service","Helthcare, Retail, Telecom, Energy, Oil &amp; Gas","6+ in SF | 3+ Others","11- 8 ( CET)","Remote","India","26 LPA--Has an offer for 40 LPA (25 EUR)","Has worked as a solution Owner in the recent project","","","","No"
"63989","40 days 8th july","","4.5 years, 1 years jcp","consulting, cloud","CloudInfrastructure:Certified AWS SolutionArchitect Associate(March-2020) Cloud DWH &amp; DataLake: CloudModernization:CloudDataWarehouse &amp; CloudData Lake by Informatica","ist - 9-5 cet","remote","INDIA","10 lahks currently - 20 lahks","pernament role","","","",""
"64003","90 day notice period","","2 years gcp, 9 years it, 2 years using bigquery","banking &amp; telecom","gcp certifcate","11am - 9pm ist","remote","India","18 currently - 32","perm only","","","",""
"64033","Completed Notice, Can Join Immediately","","2+ in It | 1.3 in GCP","Retail, Finance","No","IST","Remote","India","10LPA...16-18 LPA","Only Permanent.","","","",""
"64086","90 days","","7 years java, 4 years gcp, 13 years IT","banking domain","","9-5 cet","remote","India","40 lakhs","","","","",""
"63812","1 Month","","8 yrs in IT | 6 Yrs in Data | 1 Yr in GCP","Financial| Healthcare| Media","No","IST","Remote","India","25 Euros per Hour","","","","","No"
"63893","60 Days (Negotiable )","12","9+ in It | 5+ in SF","2019 Bt (Telecom), Healthcate, Telcom, Banking, E-commerce","CSM (Scrum)","IST","","Kolkata","20 LPA now ...Expecting 30 LPA","Open to re-locate","","","","No"
"63899","60 Days","","7+ in IT | 4+ in SFCC","E-Commerce, Telecom","No","","Remote","India","15 LPA right now....21 LPA","No Automation Experience and notica period too long","","","","No"
"63990","4th of June","","2+ in IT | 2+ in Devops| 2+ in GCP","Heathcare, E-commerce","No","IST","Remote","India","14LPA--22LPA","","","","","No"
"63993","6th July","10-11am, 7-9pm","5+ in IT | 4+ in Devops | 1.5+ in GCP","Telecom, Automobile","No","CET","Remote","India","9 LPA...14LPA Offer..expecting 18 LPA","","","","",""
"63706","5th June","Flexible","6+ in IT | 6+ in SAP Hybris","E-Commerce, Retail, Oil &amp; Gas, Utilities","3","Open to work until 1am","Remote","India","24- 28 USD","","","","",""
"64024","immediate","","7 years, sfcc 5years","e commerce","B2C","9-5 cet ok","remote","India","18 PH","","","","","no"
"63905","Immediate","11-5 PST","11+ in IT | 7 in SFCC","E-Commerce, BFSI","SFCC Merchandising | Trailblazer | GTM","CET","Remote","Pakistan","18 EUR","Little low in communication.","","","","NO"
"63994","1 Week","9-11am, 4-6pm","6+ in IT | 6+ in Devops | 6+ in GCP","Banking, E-commerce, Retail","3 (GCP, AWS)","IST","Remote","India","","","","","","No"
"63959","60 days","","6 years in IT, 5 years manual, 1 year automation, basic knowledge using selenium","","devops certificate, istqb","11am - 8pm","remote","India","18 euros per hour","","","","","umbrella"
"64028","end of the month 31st june","","10 years, 9 years sf, 3 lwc","","sf certified platform developer 1","11-9","remote","India","18ph","","","","","yes"
"64035","60 days","","4+ in IT | 1+ in GCP","Insurance, Energy","No","IST","Remote","India","8 LPA..15 LPA","","","","",""
"64082","60 days","","14 years IT, 10 years in java, 3 year GCP","banking &amp; e commerce","","","remote","India","55 lakhs","","","","",""
"64088","immediate","","9 years sf,","telecom, healthcare","","","remote","india","22 euro per hour","","","","",""
"64138","90 Days(30-45 days)","","17+ in It | 10+ in Security","Banking, Automobile, Insurance, IOT","AWS, Azure","IST","Remote","India","45LPA..70 LPA","","","","",""
"63970","Immediate","","5+ years | 1 SFRA","Multiple","No","","Remote","India","15 EUR","Not strong enough for SFCC QA","","","","Rastect"
"63995","7-15 days","","5 years it, 4 years sfcc","retail","b2c","9-5","remote","Amsterdam","450","backend developer","","","","umbrella"
"63953","immediate","","full stack, back end 7 years sfcc I","","B2C developer 2017","cet timezone","remote is ok Location: UK Visa status (if applicable):","","550 GBP Limited company: yes Interview availability: afternoon Notes:","","","","",""
"64025","90","","4+ in It | 3.9 in OMS backend","E-Commerce, Retail","No","IST","Remote","India","14LPA ..21LPA","","","","",""
"64040","immediate","","4 years all java","","","9-5 cet","remote","Romania","500","","","","","yes"
"63900","Immediate (Doing Freelance)","9am to 5pm CET","5+ in SFCC QA","E-commerce, Retail, D365","NO","CET","Remote","Pakistan","20 Euro","","","","","NO (Umbrella)"
"63960","15 days","","15 years in IT | 1 years SA | 12 years in Ecommerce | 8+ years PM","Retail, Education, Healthcare","","","Remote","India","23","US Client working at present (15 days) | Magento | SFCC Solution Architect |","","","","Payroll"
"63958","3 months","","7 years in ecommerce | 3 years in BA | 6 months in SFCC","Multiple","Multiple","","Remote","India","28 - 30 LAKH","Not enough experience for SFCC Scrum Master","","","","No"
"63996","60 Days( Negotiable)","2-3pm,6pm-8pm","7+ in IT | 6+ in Devops | 1+ in GCP","Ed-tech, Insurance, Telecom","No","IST","Remote","India","32 LPA --55 LPA","","","","","No"
"64026","20th June","","11+in IT | 10+ in OMS Backend","E-commerce, Retail","No","11-8","Remote","India","13 LPA ..35-40 LPA","","","","","No"
"64034","1 month notice","","11 years IT, 6years SF, 2 years lwc","","platiform developer 1","11-9","yes","India","15ph","","","","","no"
"64041","immediate","","6 years it, Java 5 years","marketing, banking","","9-5 cet","remote","Romania","600","","","","","yes"
"64043","Immediate","1pm to 6pm","4+ in IT | 2+ in SFCC | 2+ in Automation","Retail, E-commerce","No","IST","Remote","India","","He is from Hirexa...110 EUR","","","",""
"64063","90 Days","","18+ in Salesforce | 8+ in Solution Architect","Information System, Media, Healthcare","3","","Remote","London","115K+20% ...120K","Not directly with Salesforce for 3.5 years","","","",""
"64083","1st september","","8.3 years IT in java, 1 year GCP","banking","","","remote","India","currently on 15.5 - wants 32 lakhs","","","","",""
"63971","","","13+ in IT | 3+ in SF | Servicemax","Lifescience, Finance, Energy","","","","","Currently 14 LPA...expecting 24 LPA","No FSL Experience","","","",""
"63997","2 Weeks","9am-2 pm","8+ in IT | 8+ in Devops | 6+ in GCP","E-commerce, Telecom","No","IST","Remote","India","15 EUR","","","","",""
"64029","30 days (can be negotiated to 20 days)","","7 years IT | 4 years OMS Developer","Multiple","","","Remote","India","145 per day | sent at 230 per day","Planning to join Infosys","","","",""
"64042","immediate","","6 years IT, 5 years python","cyber security","","9-5 cet","remote","Romania","560","","","","","yes"
"63534","18th july","","12 years IT, SFCC 8 years, 1.5 years architect","e commerce","B2C","9-5cet","remote","Bulgaria","800 euro per day","","","","","yes"
"64052","11th august","","5 years IT, 5years sf","insurance, education","Sales force Certified Administrator (ADM201)","uk","on site","uk","45k at the minute wants 55k minimum","","","","",""
"64114","30/40 days","","10.6 years IT, 4 years Workday","IBM, healthcare","","flexible","remote","India","20lakhs per annum","","","","",""
"63939","2 weeks notice","","12 years experience salesforce front end back end","retail, electrical sonos","B2C certified 2014, administrator","CET","remote","Amsterdam","150 ( 3 people)","wont give me a fee for himself will only take job if 3 positions available","","","","yes"
"64044","30 Days","","2+ in IT | 2+ Devops | 1+ GCP","Retail,","NO","IST","Remote","India","6 LPA..8 LPA","","","","",""
"64058","30 Days","","10+ in IT | 10+ in Salesforce | 2.5+ in Solution Architect","Utilities, Entertainment, Oil &amp; Gas","10","","","Newcastle Upon Tyne","95-100 k","","ILR","","",""
"64099","immediate","","12 years IT, sf 6.5 years","banking, sales cloud, customs cloud, insurance","platform dev 1","","remote","india","19 euro per hour","moves to Canada end of august","","","",""
"63962","Perm | 1 month","","16 years | 6 years in SFCC PM / Consultant |","Retail | Health |","Scrum Master certified","8am - 10.30pm IST","Remote","India","20 EUR (only interested in Perm 35 LAKH | 40 LAKH)","3 implementations | No capacity | No interest in Sapient | Only interested in End Client","","","",""
"63972","3 months","","3 years IT, 2 years GCP","banking","gcp","ist","remote","India","10euros per hour","happy to work in CET","","","","umbrella"
"64096","3 months","Immediate","10 years in SFCC BE | 3 years as SFCC Architect","Retail","","","Remote","India","40 Lakhs | wants 65 lakhs | proposed 55 lakhs","Wants to do two projects, will come back regarding permanent requirement","","","","No"
"64115","Immediate","","6 years IT, 6 years SF","healthcare, automobile","platform dev 1","flexible","remote","India","20 euros per hour","","","","",""
"64129","Aug 10th","11am-2pm IST","18+ in IT |18+ Security| 5+ in Cloud","Oil &amp; Gas, Government, Finance, Defence","CISM","IST","Remote","India","26LPA..30LPA...35LPA...40LPA","","","","",""
"63945","1 month","12.00pm BRL","5 years in IT | 3.5 years (SF Dev Lead)","Telecom | Oil | Health | Finance","x5 Certified","","Remote","Sao Paulo","24,000 BRL","","","","",""
"63998","90 daya","10-12 am IST","7+ in IT | 4+ in Devops | 3+ in GCP","Security,E-commerce","Linux","CET","Remote","India","14 LPA noe...expecting 25 LPA","","","","",""
"63713","15 Days","","17+ in IT | 7+ in Security","Automobile, BFSI, Healthcare, Oil &amp; Gas","TOGAF, SABSA, COBIT, NIST, Zachman, ISO 27000, DoDAF, CCSP.","CET","Remote","India","320 Euros, 50-60 LPA...Sending at 45 LPA","","","","",""
"64097","Immediate","Immediate","7.5 IT | 6.5 OMS","Retail","","","Remote","India","15.5 Lakh | offer from Reliance 35 Lakhs","Happy to go on TT books as a contractor for 17 EUR per hour. Closed 137.00 per day. Shared for 220 EUR per day","","","","Tech Talent"
"64100","70","10am-1pm, 4pm - 8pm","12+ in IT | 12+ DBA | 1+ in GCP | 6+ in exadata","Banking, Telecom","OCI","IST","Remote","India","21LPA...35LPA","Has no hands on Postgre, Limited exp in GCP","","","",""
"64102","Aug 2nd","","7+ in IT | 7+ in PL/Sql| 5+ in Apex","Healthcare, Banking, Insurance","No","11-9","Remote","India","14.5 Lpa...20 LPA..24 Lpa","","","","",""
"64123","60 Days","","10+ in IT | 3+ in IAM","Insurance, Banking, Finance","No","CET","Remote","India","30LPA..35LPA","","","","",""
"64130","60 Days","","12+ in It | 12+ in Security | 3+ in Cloud","Research, Retail, Banking","No","CET","Remote","India","30 LPA...50-55 LPA","","","","",""
"63941","90 days (!Week)","2-5 PM IST","12+ in IT | 3+ in SFCC | 6+ Automation","Aviation, E-Commerce,Telecom,","No","US","Remote","India","16 EUR","Due to long notice period he is ok to take up the project in a week","","","British Airways","No (He will take of Payments)"
"63963","Perm (2 months) | Immediate","12.00 - 5.00pm IST","15 years IT | 10 SFCC BE/FS |","","B2C","","","India","23 EUR confirmed","Technical and Managing (9)","","","","Payroll"
"64067","1 Week","","25+ in IT | 10+ in Architecture","Finance, E-commerce","No","IST","Remote","India","25 LPA..35LPA 200 EUR","","","","",""
"64091","90 Days","","10+ in IT | 5+ in Devops | 1.5+ in GCP","Insurance, Edtech","No","IST","Remote","India","16.5 LPA...28LPA","","","","",""
"64098","90 Days","","12+ in IT | 6+ in Security | 3+ GCP","Banking, Security, Finance, Data Centre","No","IST","Remote","India","25...30-35 LPA","","","","",""
"64103","60 Days","","6.5 in IT| 5.5 in Apex | 6 in Pl/Sql","Healthcare, Manufacturing, Automobile","No","IST","Remote","India","10LPA...22LPA","","","","",""
"64116","Aug 31st","","8+ in IT | 8+ in Security","Oil &amp; Gas, Banking, Retail","CISSP","GMT+4","Remote","Dubai","37 LPA..45LPA..50 LPA","","","","",""
"64124","Immediate","","14+ in It | 2+ in Security |","Defence, Finance, Banking","","IST","Remote","India","30 LPA...35 LPA","","","","",""
"64131","60 day notice","","4 years SFCC FE","Retail","","","Remote","India","21 LPA |","Supporting UK clients (J&amp;J)","","","","No"
"63965","60 days / immediate","","6 years / salesforce 6 years + pardot","retail client - ecommerce","&bull; SALESFORCE CERTIFIED MARKETING CLOUD EMAIL SPECIALIST&bull; SALESFORCE CERTIFIED PARDOT SPECIALIST&bull; SALESFORCE CERTIFIED MARKETING CLOUD CONSULTANT","ist 12-9","remote","India","18 per hour","","","","","umbrella"
"64090","60 Days","","8+ in IT | 8+ in DBA | 2+ Postgre |","Finance/ Stocks, Retail, Manufacturing","Oracle, AWS","CET","Remote","India","22 LPA...35 LPA","Not proficient in GCP, Good in Terraform","","","",""
"64101","60 Days","","11+ in IT | 9+ in Devops | 3+ in GCP","Telecom, Banking, Retail","CKS, CKAD, CKA, AWS Solutions Architect, Terraform Associate","IST","Remote","India","28LPA...40 LPA..45LPA","","","","",""
"64104","Aug 30","","5.9 in It | 5.9 in Pl/Sql| 5.9 in Apex","HR, Healthcare, Retail","No","IST","Remote","India","13 LPA...20 LPA","","","","",""
"64117","60 Days","","15+ in IT | 15+ in Security | 2+ in Devops","Pharma, Banking, Finance, FMCG, Education","CISSP, CCSK, CHFI","IST","Remote","India","33 LPA..60 LPA","","","","",""
"64125","october 1st","","8.5 years IT, 8years sf","telecom","","wants to work IST hours","remote","india","30lakhs","","","","",""
"63187","60 day notice (1 month)","","9 years | 6 years SFCC | FE","Retail","","","Remote","India","35 lakhs | 45 lakhs","2017 Publicis | Onsite only | German offer Signa sports |","","","","No"
"64132","60 Days","","15 years IT, 5years SF","retail","","flexible","remote","India","38 lakhs","","","","",""
"64104","Aug 30","","5.9 in It | 5.9 in Pl/Sql| 5.9 in Apex","HR, Healthcare, Retail","No","IST","Remote","India","13 LPA...20 LPA","","","","",""
"64118","end of august","","12.7 years, gcp 1.5, 12.7 java","banking, telecom","","9-5 cet","remote","India","30 at the minute - 45 lakhs","backend","","","",""
"64121","3rd Aug","","6+ in IT | 3.5 in Apex | 6+ in Pl/ Sql","Finance, HRM","Oracle","IST","Remote","India","11 LPA...18 LPA...25 LPA","","","","",""
"64126","30 Days","","18+ in IT | 6+ in SecOps","Finance, Banking","OCI, AWS","CET","Remote","India","45LPA..55LPA","","","","",""
"63967","1 Week","","6+ in IT | 5+ in SF","Healthcare, Oil &amp; Gas","10 Certification(9 SF)","IST","Remote","India","40 EUR","He is not open to work past 1am IST.","","","","No"
"64092","9th September","","9 years SFCC FE Lead","eCommerce","","","Remote","India","Not disclosed","Accepted offer from Metyis already","","","","No"
"64122","30 Days","","13+ in IT | 13+ in Security | Secops 7+","Software, Finance, Manufacturing","CCIE, CISM","IST","Remote","India","60 LPA...82 LPA","","","","",""
"64127","90 Days","","12+ in IT | 5+ in Security","Education, Real Estate,","CCIO, AWS(3), Azure(3)","IST","Remote","India","18 LPA...35 LPA...40LPA","","","","",""
"64133","60 Days","","8.5 years IT, 4 years GCP, 6 years Java full stack","crisis management domain, location services","google cloud associate engineer","9-5 cet","remote","India","25 lakhs","","","","",""
"64142","Immediate","","10+ in IT | 6+ in in Bigdata|3+ in GCP","Retail,Banking ,Telecom","Hadoop","CET","Remote","India","26LPA...38 LPA..40 LPA","Joining date 8th August. So he needs to be shortlisted before","","","",""
"64144","Immediate","","10+ in IT | 8+ in Data Engineer | 2+ in GCP","Healthcare,Finance, E-Commerce","No","IST","Remote","India","45LPA..50 LPA..52LPA","","","","",""
"63966","10 August last day","Immediate","15+ years IT | 9+ SFCC |","Retail","11am IST (start)","","Remote","India","20 EUR (waiting to confirm)","Waiting to see if would like to be considered.","","","","Payroll"
"64093","immediate","","1.5 gcp years, 12.5 years java","telecom, banking, ecommerce","","9-5","remote","india","45 lakhs","","","","",""
"64145","60 Days","","4+ in IT | 4+ in Apex | 4+ in Pl/ Sql","Finance","No","IST","Onsite","Hyberabad","12 LPA..14.5LPA..18 LPA..20LPA","He completely supported internal development across regions in ADP","","","",""
"64150","30 Days","","10+ in IT | 10+ in Salesforce | 4+ in Architecture","Fintech, Technology","15 (SF)","BST","Onsite","London","100K as fixed+ Variables","ICT..95K","","","",""
"64154","Immediate","","7+ in IT | 7+ in Salesforce","E-Commerce","No","BST","Remote","London","500 Inside..400 Outside","","","","",""
"64159","3 months negotiable","","12 years IT, 5 years SFCC","retail","sfcc architect, b2c","","","london","90k","needs sponsorship","","","",""
"64134","10th October","","9 years IT, 2 years GCP,","e-commerce, payroll systems","GCP - Google Cloud Certified Professional Cloud Network Engineer, GCP - Google CloudCertified Associate Cloud EngineerTimezone working in: 9-5","","remote","India","40 lakhs","","","","",""
"62852","14 days","Immediate","2007 | 2012 SFCC | 2015 SFCC Architect","Retail","","","Remote","Netherlands","600 EUR per day","Bluecard has his own limited company. 2012 - 2015 with Sapient. Moved to US. (Hypercare / post release)","","","","Yes"
"64153","Immediately","","3+ in IT | 1.5+ in BA","E-Commerce, Aviation","No","IST","Remote","India","9.5LPA..16.5 LPA..18LPA..20LPA","22nd Aug is the joining date.","","","",""
"64055","Immediate","","7+ in IT | 6+ in SFCC| Automation 4+","E-commerce, Retail, Insurance, Finance","","IST","Remote","India","192 Euros","Submitted by Hirexa","","","",""
"64070","8th July","","8+ in IT | 5.5+ in Devops | 2+ in GCP","Airlines, Hospitality, Banking, Hardware","Kubernities, Redhat","IST","Remote","India","21.6...26LPA...30 LPA","","","","",""
"64046","45 Days (30 Days)","After 6pm","5+ in IT | 5+ in Salesforce| 2+ in SFCC | 2+ Automation","E-Commerce, CRM","ServiceMax","IST","Remote","India","","He is from Hirexa, Wants 125 Euros","","","",""
"64056","30 Days","","5+ in IT | 3+ in SFCC | 4+ Automation","E-Commerce","No","IST","Remote","India","105 Euros","Submitted by Hirexa","","","",""
"64146","27th september","","7.5years , 7 years sf, 2.5 years lwc","healthcare, finanicai, media","","9-5 ist","on site","india","currently 27.5 - wants 38Lakhs","","","","",""
"64148","90 Days","","10+ in IT | 6+ in in Apex | 10+ in Pl/ Sql","Manufacturing, Banking","No","IST","Onsite","Pune","14.5 LPA...20LPA..25LPA","Pune","","","",""
"63687","1st week october","","20+ years IT, 3years gcp","banking, healthcare","","9-5","remote","uk","550 outside, 700 negotibale","","","","",""
"64233","90 Days","","13+ in IT | 3+ in SFCC | 1+ in OMS","Energy, E-commerce, Retail, Telecom","Sf Admin, Service cloud, app builder, ISTQB","CET","Remote","India","15.5 LPA | 23 LPA |28 LPA","","","","",""
"64238","end of october","","8 years IT, 8years sf","aviation, construction, transportaion","platform 1 and 2","9-5","","marseille","650","","","","","french umbrella"
"64161","2 weeks","","7 years sfcc , 10 years IT","retail","B2C","uk","remote","Ukraine","500","","","","","yes"
"64164","2 Weeks","","4+ in IT | 2.5+ in BA | 2.5 in SFCC","E-Commerce","No","EST(US)","Remote","Pakistan","17 Euros","","","","","Yes"
"64165","12th Sep","","10+ in IT | 7+ in Devops","Foodtech, Fintech, Banking, Logistics","No","BST","Remote","London","500 pounds Inside IR35","","Citizen","","","Yes"
"64166","30 Days","","15+ in IT | 13+ in Salesforce |5+ in Solution Achitect","Gaming, Finance, Pharma, Aviation","5 Salesforce","BST","","Wallington, Near to Sutton","50k...80-90K","Needs Sponsership","","","",""
"64167","1st september","","10 it years, 3 years","banking, insurance","","9-5","remote","London","500","","","","","no"
"64171","90 days","","8/9 years eCommerce | 5 years SFCC | 10 years as a BA eCommerce","","","","Remote","India","30 Lakh | 40 Lakh","SAP | Oracle ATG |","","","",""
"64172","90 days","","5 years in Magento | Manual","Retail","","","Remote","India","20 Dollar per hour","","","","","Rohin Webapp"
"64170","1 week","Immediate","5 years | 10 projects","Multiple","","","Remote","Pakistan","150 EUR per day","","","","","No"
"64173","2 weeks","","6+ in IT | 4+ in Majento","E-Commerce, Healthcare","Majento Professional","CEST","Remote","Pakistan","18 Euros","","","","","Yes"
"64175","2 week","","15 years most of it Java, 15months gcp","financial, e commerce","","9-5","remote","London","850gbp","","","","","yes"
"64181","2 weeks","","7+ in IT | 7+ in Magento","E-commerce, Retail","No","IST","Remote","India","15 Euros","","","","",""
"64186","4th October","","9+ in IT | 9+ in IAM | 6+ in IAM","Pharma, Oil &amp; Gas, Edutech","AZ-104, AZ-040T00, Solution Expert","CET","Remote","India","24 LPA...32LPA ...36LPA","","","","",""
"64187","90 Days","","16+ in IT | 10+ in IAM | 6+ in Azure","Pharma, Finance, Insurance, Banking","AZ-303, AZ-104, MCITP","EEST","Remote","India","35 Lakhs","","","","",""
"64188","Immediately","","15+ in IT | 15+ in IAM | 9+ in Azure","HR, Pharma, Finance, Banking","Azure 900 &amp; ITIL V3","CEST","Remote","Netherlands","750 Euros per day","","HSM- No sponsorship required til aud 2023","","",""
"64185","3months","","5 years pre sales, 3years salesforce","sales","","9-5","remote","Germany","120k","relocate to budapest","","","",""
"64191","45 days |","Immediate","7.5 years in IT | 5 years Magento QA","","","","Remote","India","14 LPA | 110 EUR | 150 EURLimited company: TTC India","","","","",""
"64189","1 Month","Immediate","12 years | 4.5 years in QA","Education and Retail","","","Remote","Philippines","200,000 | 200 EUR she wants","Supported Nestle | HP","","","","No"
"64193","30 Days","","8+ in IT |6+ in Magento","Edutech, E-commerce","No","PST","Remote","Pakistan","20 Euros","","","","","No"
"64194","immediate","","7years pre sales, 10 years salesforce","","","9-5 cet","remote","france","&euro;700pd","","","","","yes"
"64195","1 month","","10 years, 5 years salesforce","","","9-5 cet","","germany","230k","","","","",""
"64198","60 Days","","14+ in IT |9+ in BA| 6+ in SFCC","E-Commerce, Retil, FMCG, Healthcare","PSM","PST","Remote","Pakistan","20 Euros","","","","",""
"64199","90 Days","","9+ in IT | 1+ in SFCC","E-commerce, Automobile, FMCG","PSPO","IST","Remote","India","37 LPA..40-45LPA","","","","",""
"64203","Immediate","","10 years Magento Backend","","","","","Cyprus","350 EUR per day - lowest willing to take 300 EURLimited company: Yes (UK based)","","","","",""
"64204","immediate","","6 years, 6 years sf","finance, nhs, oil","","9-5","remote","london","&pound;600","","","","",""
"64205","Immediately","","7+ in IT | 3+ in SFCC |4+ in BA","E-commerce, Automobile, Retail,","SFCC Dev, SF Admin, Mongo DB","CET","Remote","India","20 Euros","","","","",""
"64206","immediate","","3 years, 3 years","","","9-5","remote","birmongham","475","","","","",""
"64208","2 Weeks","","10+ in IT | 10+ in BA| 2+ in SFCC","E-Commerce, Retail, Manufacturing","No","CET","Remote","India","25 Euros","","","","",""
"64217","1 month","Immediate","8 years development | 5 years Magento","Retail, Medical and Telecom","","","Remote","India","25 | 23 EUR per hourLimited company: No","","","","",""
"64216","2 weeks","Immediate","4+ years in Magento","","","","","Pakistan","160 EUR per dayLimited company: Yes","","","","",""
"64211","2 weeks","Immediate","12 years development | 6+ years Magento","Retail","","","Remote","Pakistan","26 per hour EURLimited company:","","","","",""
"64212","Immediate","Immediate","20 years in development | 10 years in Magento","","","","Remote","Ukraine","360 per dayLimited company: Yes","","","","",""
"64220","Immediate","","8+ in IT| 6+ in Security","Telecom, Education","","CET","Hybrid","Sweden","300 Euros","","Family Visa--5 Yrs Validity","","","No"
"64220","60 Days","","8+ in IT | 2+ in Security","Telecom, Retail, Enterprise","","BST","Remote","UK","500 Pounds Inside IR35(570 Euros)","","ILR","","",""
"64224","1 month","Immediate","15 years | 6 years in SF","","","","Hybrid","Sweden, Gothernberg","60,000 per annumLimited company: N/A","","","","",""
"64219","2 months","Immediate","9 years in IT | 7 Magento","","","","Remote","Qatar","Limited company:","","","","",""
"64214","1 month","Immediate","6 Magento","Multiple","","","Remote","India","350 EUR per dayLimited company: No","","","","",""
"64225","30 Days","","4+ in IT | 4+ in Full stack","Fintech, Retail","No","BST","Remote","Pakistan","18 Euros","","","","","No"
"64228","Nov 26th","","12+ in IT | 4+ in Data Engineering| 1+ GCP","Automobile, Telecom","","BST","Remote","Edinburgh","500 Inside IR35","","ICT Tier 2 Dependent","","",""
"64229","30 Days","","15+ in IT | 6+ in GCP","Fintech","AWS Solution Architect, Data Analytics, Togaf","BST","Remote","Edinburgh..willing to re-locate","76K...expecting 100k","","General Mobility visa valid until June 2023","","",""
"64230","90 Days","","10+ in IT, 7+ in SF","Manufacturing, E-Commerce","Salesforce 8, 365, Mulesoft, SAFe","CET","Hybrid","Stockholm, Sweden","63000 SEK","","Resident ..No Sponsorship","","",""
"64232","15th Oct","","10+ in IT | 6+ in Sales cloud","Energy, Insurance","SF 5","IST","Remote","India","34 LPA..34 LPA","","","","",""
"64234","14th Nov...21st Nov","","7+ in IT | 2+ in SFCC | 1.5+ in Lead","Telecom, E-commerce, Retail","CSM, SF Associate","IST","Remote","India","18+ LPA...19.5 LPA.. 23.5 LPA","","","","",""
"64299","1 week","","tms 15 years, IT 10 years","transport international, retail","","","","beckenham","&pound;600pd","","","","","yes"
"64300","30days","","7.5 years, 6 years","finance,","certified azure engineer, solution architect","","","utrecht","90-95k","","","","",""
"64302","30 days","","17 years, devops 8 years, 5 years, 2-3 years","","B2C","","","netherlands","95ph","","","","","yes"
"63831","90 days","Immediate: Immediate","5 years in SFCC BE","Retail","","","Remote","India","20 Lakhs on | 28 LakhLimited company: N/A","","","","",""
"63772","45 days (can be negotiated to 30)","Immediate","9 years in IT | 6 years with SFCC | 2 years Automation","Multiple","","","Remote","India","14 LAKH | wants 20 LAKHLimited company: N/A","","","English","",""
"64242","90 Days","","8.6+ in IT | 4.5 in SFCC | 2+ in Automation","E-commerce, Retail","No","CET","","","15.5 LPA..22 LPA..24 LPA","","","","",""
"64247","immediate","","14+ in IT | 4+ in GCP","Insurance, Banking, Telecom","AWS-11, GCP-8","BST","Remote","UK","80k..needs 100k","","skilled..needs sponsorship","","",""
"64250","immediate","","6 years, next js 3 years, shopify 4","e commerce, shopify","","","remote","Poland","450","actively interviewing","","","","yes"
"64256","1 month","","1.5 years, 3 years","","","9-5","remote","Poland","200","","","","",""
"64249","1 month","","10 years IT, 8 years java, 3 years GCP + kubernetes, 1 year react","","","9-5","remote","Portugal","325","","","","","no"
"64252","2 months","Immediate","9 years SF | 6 SF PM","Manufactoring","","","","Biarritz, France (open to travel)","70,000 (4 days a week) | 450 EUR per day | - | 75,000 | 550Limited company: Yes","","","French and English","",""
"64253","Immediate","","","Retail | Logistics | Pharma |","","","Remote (1 week per whole month)","France, Paris","870 | ContractLimited company: Yes","","","French | English","",""
"64254","1st December (asap 2 weeks holiday)","","5 years SF","","","","Hybrid","Spain","950 - 1000 EURLimited company: Yes","","","Spanish | Portugues | Italian | English","",""
"64257","2 weeks","","8 years |","Finance | Services","","","Remote","Krokow, Poland","160 pln | 33.70 eur per hourLimited company: Yes","","","Polish and English","",""
"64258","2 months (negotiable)","Immediate","5 years SF","Retail (sales cloud and service)","","","Remote","Warsaw, Poland","150 pln per hour | EUR 252.08Limited company: Yes (B2B)","","","Polish and English","",""
"64266","2 months","","20 years experience, 3 years ETRM","energy","","CET","","Netherlands","1000 euro per day","","","","","yes"
"64267","immediate","","35 years IT, 15 years SF, 5 years SA","finance, retail, media","certified admin","","hybrid","surrey","&pound;1000 per day insdie IR35","","","","","yes"
"64269","2 weeks","","5 years sfcc, 15 years IT","e-commerce, retail","B2C","","remote","Bulgaria","600pd","","","","","yes"
"64268","14th Nov","","10 years IT, 7 years sfcc","e commerce","","cet","remote","ukraine","400","","","","","yes"
"64270","Immediate","","sfcc 4 years, 5 years IT, manual testing","","","9-5","remote","Spain","150","","","","","Yes"
"64272","30 Days","","3+ in IT | 1.5 in Shopify | 3+ in React","E-commerce","","PST..Open to work night shifts","Remote","Pakistan","12.5 Euros","","","","",""
"64275","Immediate","","16+ in IT | 11+ in SFCC","E-Commerce, Retail","No","CET","Remote","Slovakia","240 Euros (30 per hour)","No automation experience","","","",""
"64276","2 weeks","","15+ in IT | 4.5+ in SFCC","E-commerce, Banking, Insurance","ISTQB, Scrum","","Remote","Slovakia","280 Euros","","","","","No"
"64279","immediate","","5 years sf, flow skills","construction, energy, IBM, Automotive, pharma","5 sf certs","CET","remote","France, Paris","&euro;550","","","","",""
"64278","3months negotiated","","2.5 years SF TA, sf 7 years,","energy","17 x certs","CET","","France","&euro;135000","","","","",""
"64281","90 Days(Negotiable)","","3+ in Pm | 3+ in SF","Telecom","No","CET","Remote","Cologne, Germany","140 K Euros","German Speaking, Permanent","","","",""
"64282","immediate","","5 years sffc fe, 8years IT","e-commerce","B2C","cet 9-5","remote","Ukraine, Kiev","&euro;400","","","","","yes"
"64280","immediate","","20 years IT, 9years SFCC","real estate, e commerce","csm","","remote","Romania","500","","","","","yes"
"64283","30days","","6years sf,","healthcare, manufacturing, food","plat 1 2","","remote","north macedonia","450","","","","","tes umbrella"
"64207","Immediately","","13+ in It | 5+ in Mulesoft","Banking, Retail,Insurance, Telecom, Manufacturing","Mule","","Remote","Uk","450 Outside IR35 (470 Euros)","","Dependent Feb 2023","","","Yes"
"64286","Immediately","","11+ in IT | 6+ in SF |","Insurance, Automobile, Retail","4 SF","CET","Remote","France","600 Euros","A2 in French","Residence Card-2025(No Sponsorship)","","","Umbrella"
"64285","30 Days","Afternoon","2.5+ in IT | 2.5+ in Mulesoft","Logistics, Automobiles, Pharma","Mulesoft Developer","CET","Remote","Poland","350 Euros","","Polish Citizen","","","No"
"64287","2 weeks","","3 years SFCC","","B2C","","remote","","150","","","","","Yes"
"64288","immediate","","sfcc 6 years","e commerce","","","remote","Azerbijan","296","","","","","yes"
"64289","Immediate","","7+ in IT | 7+ in React","E-commerce, Healthcare, Media","No","CET","Remote","Pakistan","20 Euros","","","","","Yes"
"64291","22 days","","6+ in IT | 5+ React","E-commerce, Automobile","No","CET","Remote","Pakistan","20 Euros","","","","",""
"64292","60 Days","","14+ in IT | 13+ in PM | 3+ in ETRM","Energy, Banking","SAFE 5, Scrum","CET","Remote","Switzerland","1200 Euros","","","","",""
"64294","Immediately","","15+ in IT | 15+ in ETRM","","","CET","4 Days a Week","Switzerland","1050/onsite-800 Euros Remote","","","","","Yes in Switzerland and the UK"
"64293","Immediate","","6+ in IT| 3+ in SF","","2 SF","CET","Remote","Dusseldof, Germany","55 K Euros","","Blue Card -Jan 2023","","",""
"64304","immediate","","5 years, 4 years react","automotive, insurance","","","remote","Romania","550pd","","","","","yes"
"64305","immediate","","3 years react,","finance","","","remote","romania","200pd","","","","","No"
"64306","immediate","","4 years IT, react 4 years","healthcare, shipment","","","remote","Romania","320","","","","","yes"
"64339","December / Jan","","6 years, 6years java","telecom, banking, e commerce","","","remote","Romania","70 euros per hour","","","","","Yes"
"64341","Immediate","Immediate","6 years | 4 years Golang","Security","No","","","Wroclaw","FTE | 20 PH |38400","","","","","N/A"
"64174","Immediate","","10+ in IT | 5+ in SF | 5+ in BA","Automobiles, Manufactuting, Healthcare, Finance","SF 5","GMT","Remote","UK","&pound; 500 Inside IR35","Sales, Service, Experience clouds","Dependant-Jan 2023","","",""
"64343","Immediately","","6+ in IT | 5+ in .Net","Banking, Trading","No","EEST","Remote","Romania","35 Euros","","Romanian Citizen","","","Yes"
"64347","30 Days(1st Jan)","","6+ in It | 6+ in .Net","Automotive, E-Commerce, Manufacturing","No","EET","Remote","Romania","18000 RON","German Beginner","Romanian Citizen","","",""
"64348","Immediately","","3.5 in IT | 3.5 + in .Net","Banking, Finance","","EEST","Remote","Romania","30 Euros","","Citizen","","","Yes"
"64349","30 Days(Negotiable to 15 Days)","","16+ in IT | 6+ in SF| 2+ in SFCC","E-Commerce, Retail, Banking","No","EET","Remote","Pakistan","22 Euros","","","","","No"
"64350","10 Days","","4.5+ in IT | 4.5 in SFCC","Retail, E-commerce","No","","","Dubai","25 $","","","","",""
"64352","30 Days","","5+ in IT | 3+ in Go Lang","Finance, WEB3,","","","Remote","Warsaw, Poland","250 Euros per day","","Residence Permit valid until 2025","","","Yes"
"64354","30 Days","","25+ in IT | 15+ in BA","Banking, Fintech","No","","Onsite","Singapore","12500 SD","Permanent Position","Permanent Resident","","",""
"64353","Immediately","","10+ in IT | 8+ BA","Banking, Fintech","CSP, PMP, SAFe","","Office","Singapore","9000-10000 SD per month","Will need an Employment pass","Dependent Pass","","",""
"64359","Immediately","","12+ in IT | 4+ in SF","","Admin, Adv Admin","","Hybrid","Leeds (Re-locate)","50 K","Service, Sales, Experience","PSW","","",""
"64360","30 Days","","10+ in IT | 7.5 in SF","Finance, Retail, Healthcare","5","UK","Hybrid","Reading, UK","75000-85000","","Dependent Visa Aug 2023","","",""
"64363","2 Weeks","","7+ in IT | 4+ in SF","Transportation, Banking,","Admin, PD1","GMT","Remote","Reading","50-60K","Needs Sponsorship, Sales &amp; Service Clouds","Tier 2","","",""
"64369","1st Dec","","14+ in IT | 10+ in SF","Retail, Finance, Oil &amp; Gas, Aviation","SF 5","EEST","Remote","Romania","550 Euros as TA, 500 Developer...","Developer, Technical Architect","Romanian Citizen","","","Yes"
"64368","30 Days","","12+ in IT | 8+ in PM | 1+ in SF","E-Commerce, Retail, Telecom, Banking","Agile PM certification Management of Portfolios certification ITIL certification Microsoft Azure Fundamentals certification Microsoft Security, Compliance &amp; Identity Fundamentals certification","","Remote","Romania","72000 Euros (Net) 60000 (Net) 400 Euros per day","","Romanian Citi","","",""
"64367","20 Days","","13+ in IT | 3+ in BA |","IT, Healthcare","No","EEST","Remote","Romania","45000 Euros","Can join in Jan, Have used SF for 10 years as an end user, Had trained for PMP","Romanian Citizen","","",""
"64372","","","1year sf, CRM seibel consultant 19 years","government, transport, wholesale, IBM, telecom, pharma, insurance","","","","swizterland","","","","","",""
"64373","1month - 3 weeks","","6years sf, 2years in lightning, 8 years IT","Pharma, IT services","app builder","","","London","55,000","","","","",""
"64375","Immediately","","10+ in IT | 6.5+ in Mobile Development","Healthcare, IoT","No","EET","Remote","Romania","70,000 Euros","","Citizen","","","Yes"
"64374","30 Days","","17+ in IT | 10+ in Mobile Development","Banking, Transportation, Construction, Telecommunication","Oracle, AWS, IBM","EET","Remote","Romania","65000 Euros ..70,000 Euros","French","Citizen","","","Yes"
"64376","Immediately","","9+ in IT | 9+ in .Net","Finance, Commerce, Energy","No","","Remote","Romania","280 Euros","","Citizen","","","Yes"
"64377","7 Days, 30 Days from Jan15th","","6+ in IT | 4+ in SF","Energy, Insurance, Fintech, Automotice, Healthcare, Education","SF 5","EET","Remote","Romania","400 Euros","Sales, Service, Community, Experience, Health, Education, CPQ","Romanian Citizen","","","No"
"64378","Immediate","","8+ in IT | 8+ in Mobile Apllication","E-commerce, Retail, Education","No","","Hybrid","Romania","60,000 Euros","","Citizen","","",""
"64379","immediately","","9 years, 20 years","healthcare, airlines, retail, construction","","","","London","800/900pd - &pound;110,000pa","","","","","yes"
"64381","2nd Jan","","12+ in IT | 12+ in Mobile Development","Banking, Insurance, Fintech","","EET","Hybrid","Romania","60,000 Euros (Net)","","Citizen","","",""
"64380","immediate","","7 years SF","NGO, pharma","","","","","125,000","","","","",""
"64382","immediate","","10 years sf","finance, manufacturing, retail, energy","12 x certified","","hybrid","north london","95K","","","","",""
"64383","60 Days","","13+ in IT | 8+ in SF","Banking, Finance, Healthcare, Retail","SF 7, PMP, SAFe","EET","Hybrid","Northampton, UK","70-80 K","","Tier 2","","",""
"64384","30 Days","","17+ in IT | 5+ in SF","Banking, Energy, Utilities, Insurance","Admin, Marketing Admin, BA, Experience Cloud Consultant, Product Owner, Scrum","GMT","Hybrid","","80K--110 K","","Dependent Feb 2025","","",""
"64386","Immediate","Immediate","7 years | 6 years in SF","","","CET","Remote/Hybrid","Poland","200 pln per hour","","","Polish | English","","Yes"
"64389","3months negotiable","","7years, 10 years crm","banks, insurance, energy, utility","3 x certified","","","Nantes","75,000","","","","",""
"64391","30 Days","","16+ in IT| 3+ in Mambu","Banking","AWS-2, Linux","CET","Remote","Lithuania","700 Euros per Day","","EU Citizen","","","Yes"
"64392","30 days","","12+ in IT | 2+ in Mambu","Banking, Fintech, Energy, Healthcare","","","Remote","","800&pound; Outsise IR35","","EU Citizen","","",""
"64399","2 months | 1st April 3 months","Immediate","22 | 7 in SF","","1X","CET","Travel","Zurich (near)","130k","","","English and Portgues","","No"
"64401","Immediate","","7+ in IT | 7+ in SF","Telecom, NGO, Insurance","Admin, BA","","Remote","Birmingham, UK","600 Inside IR35","Sales, Service, CPQ, Experience, Financial, Health","Citizen","","","Yes"
"64402","4 Weeks","","5+ in IT| 2.5+ in SF","Education, HRO","Admin, App builder, BA, Service Cloud Consultant","","Remote","","550 Inside IR35","Sales, Service, Experience","Citizen","","",""
"64403","2 weeks","","7 years sf","travel","","","remote","","580-600","","","","",""
"64406","30 Days","","7+ in IT | 5+ in SF","Health care, Finance","SF 7","EET","Remote","Poland","180--150 PLN","Submitted at 165 PLN","Citizen","","","Yes"
